STATE,DISTRICT,YEAR,SEASON,CROP,AREA,PRODUCTION,YIELD,N,P,K,ACTUAL EVAP0RATION,AVERAGE RAINFAL,AVG MAXIMUM TEMP,AVG MINMUM TEMP
TAMILNADU,THIRUVALLUR,1998,Kharif,Rice,140703,484861,3921,63.7,20.8,15.5,116.81,128.12,34.205,24.92
TAMILNADU,THIRUVALLUR,1999,Kharif,Rice,125321,467581,3908,57.7,23.6,18.8,109.93,119.4,33.9675,24.715
TAMILNADU,THIRUVALLUR,2000,Kharif,Rice,93052,359163,3539,57.6,24,18.4,128.55,98.47,33.755,24.755
TAMILNADU,THIRUVALLUR,2001,Kharif,Rice,94422,321610,3406,59.6,23.3,17.1,114.63,172.9,34.2425,25.0475
TAMILNADU,THIRUVALLUR,2002,Kharif,Rice,87758,279519,3185,61.9,21.3,16.8,106.38,118,34.5825,25.0033
TAMILNADU,THIRUVALLUR,2003,Kharif,Rice,74942,195536,2609,57.4,25.7,16.8,129.89,161.27,34.2575,25.12
TAMILNADU,THIRUVALLUR,2004,Kharif,Rice,66734,199886,2996,61.2,19.8,19.1,101.43,133.72,34.035,24.69
TAMILNADU,THIRUVALLUR,2005,Kharif,Rice,96994,271582,2800,56,25.1,18.8,109.58,252.75,34.0425,24.33
TAMILNADU,THIRUVALLUR,2006,Kharif,Rice,89667,318468,3552,60.6,26.1,13.3,114.01,194.6,34.505,24.863
TAMILNADU,THIRUVALLUR,2007,Kharif,Rice,78712,286007,3634,66.4,18,15.6,143.08,209.45,33.95,24.333
TAMILNADU,THIRUVALLUR,2008,Kharif,Rice,82240,315864,3841,50.2,31,18.8,112.59,138.4,34.0175,24.567
TAMILNADU,THIRUVALLUR,2009,Kharif,Rice,80942,256294,3166,57.4,28.9,13.7,97.51,89.65,35.04,25.483
TAMILNADU,THIRUVALLUR,2010,Kharif,Rice,83219,250210,3007,49,39.3,11.8,134.92,212.2,33.7275,24.38
TAMILNADU,THIRUVALLUR,2011,Kharif,Rice,79219,313044,3952,57.7,31.4,10.9,138.46,213.6,34.5,25.017
TAMILNADU,THIRUVALLUR,2012,Kharif,Rice,78337,300455,3835,65.6,24.9,9.6,130.65,170.5,34.28,24.82
TAMILNADU,THIRUVALLUR,2013,Kharif,Rice,95827,451522,4712,67.4,22.2,10.4,136.13,177.4,33.905,24.5767
TAMILNADU,KANCHIPURAM,1998,Kharif,Rice,207871,711233,3486,59.4,22.4,18.2,121.82,181.22,34.24,24.95
TAMILNADU,KANCHIPURAM,1999,Kharif,Rice,193691,618958,3331,56.7,21.6,21.7,113.26,119.15,33.99,24.95
TAMILNADU,KANCHIPURAM,2000,Kharif,Rice,172517,574297,3278,60.4,22.6,17,135.36,93.72,33.81,24.95
TAMILNADU,KANCHIPURAM,2001,Kharif,Rice,135160,478940,3544,58.1,23.1,18.8,117.38,126.99,34.22,24.95
TAMILNADU,KANCHIPURAM,2003,Kharif,Rice,97117,295638,2855,55.2,20.9,23.9,109.97,95.88,34.56,24.95
TAMILNADU,KANCHIPURAM,2003,Kharif,Rice,97117,295638,3044,51.8,21.5,26.8,136.51,217.82,34.18,24.95
TAMILNADU,KANCHIPURAM,2004,Kharif,Rice,101674,307110,3021,46.2,20,33.8,105.18,157.11,33.96,24.95
TAMILNADU,KANCHIPURAM,2005,Kharif,Rice,114720,293875,2562,46.3,21.6,32.1,109.69,194.25,34.06,24.95
TAMILNADU,KANCHIPURAM,2006,Kharif,Rice,103107,395134,3832,52,26.6,21.4,116.05,160.66,34.36,24.95
TAMILNADU,KANCHIPURAM,2007,Kharif,Rice,91356,345129,3778,37.2,29.7,33.1,145.93,181.15,33.92,24.95
TAMILNADU,KANCHIPURAM,2008,Kharif,Rice,90874,329210,3623,43.4,17.2,39.4,118.76,139.12,34.02,24.95
TAMILNADU,KANCHIPURAM,2009,Kharif,Rice,91020,331434,3641,59,18.8,22.2,104.99,63.95,34.99,24.95
TAMILNADU,KANCHIPURAM,2010,Kharif,Rice,95739,378628,3955,59.4,21.2,19.4,139.93,152.77,33.87,24.95
TAMILNADU,KANCHIPURAM,2011,Kharif,Rice,90419,395412,4373,58.9,24.5,16.6,140.33,166.25,34.52,24.95
TAMILNADU,KANCHIPURAM,2012,Kharif,Rice,77784,344875,4434,66.9,21,12.2,133.23,157.33,34.29,24.95
TAMILNADU,KANCHIPURAM,2013,Kharif,Rice,85564,391837,4580,66.3,20.7,13,140.63,149.62,34.03,24.95
TAMILNADU,VELLORE,1998,Kharif,Rice,77109,263941,3836,57.9,20.9,21.1,127.02,160.75,32.4,23.09
TAMILNADU,VELLORE,1999,Kharif,Rice,49868,190899,4355,55.8,21.8,22.4,101.69,68.85,32.19,22.91
TAMILNADU,VELLORE,2000,Kharif,Rice,52332,163141,4041,60.2,20,19.8,126.24,130.67,31.97,22.94
TAMILNADU,VELLORE,2001,Kharif,Rice,60113,234130,3895,53.7,20.6,25.7,111.27,129.47,32.57,23.34
TAMILNADU,VELLORE,2002,Kharif,Rice,26287,89863,3418,60.7,19.6,19.7,89.9,80.9,33.24,24.01
TAMILNADU,VELLORE,2003,Kharif,Rice,30909,108171,3500,57.6,22.7,19.7,117.73,178.2,32.68,23.45
TAMILNADU,VELLORE,2004,Kharif,Rice,29399,90145,3066,56.4,23.6,19.9,111.09,118.8,32.3,23.07
TAMILNADU,VELLORE,2005,Kharif,Rice,58163,167451,2879,56,25.3,18.7,118.48,179.85,32.31,23.09
TAMILNADU,VELLORE,2006,Kharif,Rice,41687,129193,3099,56.8,25.6,17.6,97.38,117.12,33.06,23.83
TAMILNADU,VELLORE,2007,Kharif,Rice,44326,148367,3347,54.9,22.5,22.6,136.44,163.27,32.35,23.11
TAMILNADU,VELLORE,2008,Kharif,Rice,47417,171873,3624,57.8,19,23.2,125.44,95.87,32.28,23.05
TAMILNADU,VELLORE,2009,Kharif,Rice,39765,135834,3415,55.5,21.4,23.1,92.72,95.17,33.47,24.24
TAMILNADU,VELLORE,2010,Kharif,Rice,43222,152825,3536,60.1,20.7,19.2,126.32,107.22,32.22,22.99
TAMILNADU,VELLORE,2011,Kharif,Rice,37988,151266,3982,60.5,24.3,15.3,127.89,134.95,33.04,23.81
TAMILNADU,VELLORE,2012,Kharif,Rice,35707,152804,4279,65.1,20.8,14.1,116.61,130.05,32.98,23.75
TAMILNADU,VELLORE,2013,Kharif,Rice,39366,192496,4890,68.2,19.6,12.2,124.81,129.52,32.55,23.32
TAMILNADU,CUDDALORE,1998,Kharif,Rice,121285,418149,3348,57.6,21.4,21,123.5675,100.5,34.305,24.9725
TAMILNADU,CUDDALORE,1999,Kharif,Rice,127843,447523,3864,56.5,22.4,21.1,96.36,123.675,34.1025,24.795
TAMILNADU,CUDDALORE,2000,Kharif,Rice,123804,472024,3672,48.8,16.5,34.7,126.7525,30.8,33.9,24.8425
TAMILNADU,CUDDALORE,2001,Kharif,Rice,108375,402810,3717,59.3,21,19.7,105.32,117.55,34.23,24.9725
TAMILNADU,CUDDALORE,2002,Kharif,Rice,102336,281708,2753,60.3,17.2,22.5,88.84,97.775,34.6575,25.4
TAMILNADU,CUDDALORE,2003,Kharif,Rice,104162,317655,3050,56.1,20,23.9,125.31,177,34.1225,24.8625
TAMILNADU,CUDDALORE,2004,Kharif,Rice,114599,315702,2755,53.3,20.3,26.4,107.39,214.9,33.8725,24.62
TAMILNADU,CUDDALORE,2005,Kharif,Rice,114291,218345,1910,53.6,21,25.4,96.74,149.625,34.2,24.9475
TAMILNADU,CUDDALORE,2006,Kharif,Rice,105440,392384,3721,56.4,23.5,20.1,97.7225,165.85,34.3925,25.1325
TAMILNADU,CUDDALORE,2007,Kharif,Rice,102798,335119,3260,52.8,22.3,24.9,132.83,183.675,34.1575,24.9
TAMILNADU,CUDDALORE,2008,Kharif,Rice,107817,223882,2076,54.3,17.9,27.8,118.96,121.95,34.16,24.9025
TAMILNADU,CUDDALORE,2009,Kharif,Rice,111517,322962,2896,53.1,18.6,28.4,102.5475,86.75,34.9425,25.685
TAMILNADU,CUDDALORE,2010,Kharif,Rice,115815,301506,2603,54,23.1,22.9,139.255,109.95,34.25,24.995
TAMILNADU,CUDDALORE,2011,Kharif,Rice,120983,248242,2052,57.3,25.6,17.1,117.7425,86.75,34.5375,25.28
TAMILNADU,CUDDALORE,2012,Kharif,Rice,111958,339286,3030,62,23.8,14.1,111.3575,180.675,34.4525,25.195
TAMILNADU,CUDDALORE,2013,Kharif,Rice,127485,565960,4439,61.7,21.8,16.5,113.915,129.375,34.3175,25.06
TAMILNADU,DHARMAPURI,1998,Kharif,Rice,57072,196352,3688,46.7,28.8,24.4,126.4425,140.825,31.6375,25.17
TAMILNADU,DHARMAPURI,1999,Kharif,Rice,60472,201243,3655,45.8,28.4,25.7,85.09,157.925,31.4875,25.0075
TAMILNADU,DHARMAPURI,2000,Kharif,Rice,61608,227438,3413,52.1,27.3,20.6,116.3975,199,31.2125,25.05
TAMILNADU,DHARMAPURI,2001,Kharif,Rice,54334,189510,3488,47.7,26.7,25.6,101.09,156.875,31.735,25.22
TAMILNADU,DHARMAPURI,2002,Kharif,Rice,30152,77596,2574,58.6,22.2,19.2,70.745,68.925,32.3875,25.645
TAMILNADU,DHARMAPURI,2003,Kharif,Rice,15997,38810,3978,48.4,26.4,25.2,96.645,136.15,31.885,25.1275
TAMILNADU,DHARMAPURI,2004,Kharif,Rice,13915,38568,2771,45.9,24.3,29.8,110.745,135.925,31.4,24.7775
TAMILNADU,DHARMAPURI,2005,Kharif,Rice,29023,85390,2942,45.2,25.7,29.1,107.99,171.875,31.575,25.18
TAMILNADU,DHARMAPURI,2006,Kharif,Rice,21062,76072,3612,44,25.7,30.3,83.2425,98.025,32.1425,25.33
TAMILNADU,DHARMAPURI,2007,Kharif,Rice,18801,70395,3745,50.9,21.4,27.7,131.1125,126.425,31.65,25.1775
TAMILNADU,DHARMAPURI,2008,Kharif,Rice,20368,77727,3816,47.7,23.9,28.4,123.2575,125.925,31.4825,25.1
TAMILNADU,DHARMAPURI,2009,Kharif,Rice,20310,79675,3923,41.2,25.4,33.4,86.8525,65.6,32.3775,25.8825
TAMILNADU,DHARMAPURI,2010,Kharif,Rice,22862,93207,4077,36.8,24,39.2,113.4025,112.825,31.61,25.2925
TAMILNADU,DHARMAPURI,2011,Kharif,Rice,27067,128226,4737,46.8,31.4,21.8,110.86,65.6,32.1025,25.555
TAMILNADU,DHARMAPURI,2012,Kharif,Rice,12003,53669,4473,53,25.5,21.5,93.14,115.25,32.15,25.4775
TAMILNADU,DHARMAPURI,2013,Kharif,Rice,26689,132535,4966,52.8,24.6,22.6,108.2825,116.625,31.9125,25.4075
TAMILNADU,COIMBATORE,1998,Kharif,Rice,15034,51575,3609,43.5,17.2,39.3,107.8275,54.3,28.95,21.085
TAMILNADU,COIMBATORE,1999,Kharif,Rice,16875,60494,3879,46.6,16.8,36.6,83.6775,125.575,28.8625,21.025
TAMILNADU,COIMBATORE,2000,Kharif,Rice,12170,47066,3546,54.2,23.4,22.4,104.9025,91.05,28.62,21.0325
TAMILNADU,COIMBATORE,2001,Kharif,Rice,10548,37200,3526,43,17.6,39.3,97.78,58.85,28.69,20.905
TAMILNADU,COIMBATORE,2002,Kharif,Rice,6577,22152,3366,46.7,16.8,36.6,77.0125,69.925,28.9175,21.1275
TAMILNADU,COIMBATORE,2003,Kharif,Rice,3654,10643,2915,43,15.8,41.2,92.275,63.775,29.195,21.4075
TAMILNADU,COIMBATORE,2004,Kharif,Rice,7239,24454,3377,45.3,13.2,41.5,99.45,89.9,28.7125,20.925
TAMILNADU,COIMBATORE,2005,Kharif,Rice,7406,20665,2789,46.1,13.6,40.3,94.765,180.175,28.91,21.12
TAMILNADU,COIMBATORE,2006,Kharif,Rice,6221,24009,3860,45.5,18.9,35.6,99.46,60.875,28.875,21.0875
TAMILNADU,COIMBATORE,2007,Kharif,Rice,6479,24456,3775,43.3,19,37.7,105.43,91.275,28.785,20.9975
TAMILNADU,COIMBATORE,2008,Kharif,Rice,2573,25437,1868,42.5,18.1,39.4,103.9,197.575,29.0225,21.2325
TAMILNADU,COIMBATORE,2009,Kharif,Rice,2817,9884,3504,42.7,21.1,36.2,92.3175,113.05,29.23,21.445
TAMILNADU,COIMBATORE,2010,Kharif,Rice,2666,10419,3903,43.9,21.2,34.9,101.865,80.65,28.7825,20.995
TAMILNADU,COIMBATORE,2011,Kharif,Rice,2629,10486,3989,42.9,24.8,32.3,99.9825,113.05,28.85,21.0625
TAMILNADU,COIMBATORE,2012,Kharif,Rice,2156,7890,3653,49.5,20.1,30.4,88.6825,87.55,29.0925,21.3025
TAMILNADU,COIMBATORE,2013,Kharif,Rice,2158,10139,4694,49.1,20.3,30.6,94.695,116.85,28.8275,21.0375
TAMILNADU,DINDIGUL,1998,Kharif,Rice,27278,93305,5462,49.6,23.8,26.6,97.0425,107,31.1225,22.1825
TAMILNADU,DINDIGUL,1999,Kharif,Rice,28437,118998,4829,52.6,22,25.4,63.3325,96.825,31.0175,22.1
TAMILNADU,DINDIGUL,2000,Kharif,Rice,25246,111460,4697,51.3,24.8,23.9,101.91,98.175,30.7875,22.1175
TAMILNADU,DINDIGUL,2001,Kharif,Rice,16106,76330,4738,52.3,24.5,23.2,83.8625,77.9,31.0625,22.2
TAMILNADU,DINDIGUL,2002,Kharif,Rice,15372,52709,3429,57.9,22.4,19.7,56.53,108.325,31.265,22.4
TAMILNADU,DINDIGUL,2003,Kharif,Rice,11437,32378,2830,53.9,23.9,22.2,83.29,113.075,31.44,22.575
TAMILNADU,DINDIGUL,2004,Kharif,Rice,21031,74246,3531,55.8,22.9,21.3,87.65,146.775,30.8425,21.9725
TAMILNADU,DINDIGUL,2005,Kharif,Rice,23735,75304,3172,55.6,24.2,20.1,68.6075,227.1,31.1725,22.305
TAMILNADU,DINDIGUL,2006,Kharif,Rice,18607,81248,4366,57.5,24.1,18.4,78.185,109.625,31.0875,22.22
TAMILNADU,DINDIGUL,2007,Kharif,Rice,17276,67837,3926,48.7,18.3,33,92.095,93.925,31.1025,22.2375
TAMILNADU,DINDIGUL,2008,Kharif,Rice,19638,72661,3700,47.3,17.9,34.8,93.33,138.5,31.125,22.2575
TAMILNADU,DINDIGUL,2009,Kharif,Rice,16647,78849,4736,47.6,21.2,31.2,74.5475,46.375,31.7525,22.8875
TAMILNADU,DINDIGUL,2010,Kharif,Rice,18349,98053,5343,48.5,20.6,30.9,99.6975,126.95,31.13,22.2625
TAMILNADU,DINDIGUL,2011,Kharif,Rice,19158,103376,5396,54.1,23.8,22.1,74.0425,46.375,31.3975,22.5325
TAMILNADU,DINDIGUL,2012,Kharif,Rice,9476,30806,3250,58.4,24.5,17.1,70.565,107.15,31.4475,22.58
TAMILNADU,DINDIGUL,2013,Kharif,Rice,4234,25758,6090,52.9,26.6,20.5,69.8725,68.625,31.3125,22.4475
TAMILNADU,THANJAVUR,1998,Kharif,Rice,194652,674525,3147,66.1,17.1,16.8,115.395,103.625,33.8725,25.1225
TAMILNADU,THANJAVUR,1999,Kharif,Rice,189074,610534,3463,60.2,20,19.9,77.6725,86.7,33.695,24.97
TAMILNADU,THANJAVUR,2000,Kharif,Rice,196816,678014,3749,63.2,19.6,17.2,121.22,83.675,33.4625,24.99
TAMILNADU,THANJAVUR,2001,Kharif,Rice,192161,561650,2923,60,21.7,18.3,89.6825,103.075,33.8475,25.1725
TAMILNADU,THANJAVUR,2002,Kharif,Rice,139186,318325,2287,64,17.3,18.7,67.6875,104.125,34.18,25.5075
TAMILNADU,THANJAVUR,2003,Kharif,Rice,123293,354937,2879,63.3,16.7,20,119.5925,125.325,33.825,25.155
TAMILNADU,THANJAVUR,2004,Kharif,Rice,160608,439323,2735,58.9,16.9,24.1,100.69,183.25,33.44,24.7675
TAMILNADU,THANJAVUR,2005,Kharif,Rice,154901,399483,2579,59.3,17.9,22.7,76.65,134.475,33.83,25.1575
TAMILNADU,THANJAVUR,2006,Kharif,Rice,164243,598160,3642,58.3,15.6,26.1,84.1075,111.175,33.9025,25.23
TAMILNADU,THANJAVUR,2007,Kharif,Rice,150228,479643,3193,53.9,17.2,29,109.78,134.125,33.8725,25.2025
TAMILNADU,THANJAVUR,2008,Kharif,Rice,177094,357161,2017,55.2,18.2,26.5,110.585,104.025,33.785,25.1125
TAMILNADU,THANJAVUR,2009,Kharif,Rice,162938,427142,2621,54.8,19.2,26,94.32,71.4,34.5575,25.8875
TAMILNADU,THANJAVUR,2010,Kharif,Rice,166209,476793,2869,55.2,18.2,26.6,131.695,138.925,34.0125,25.3425
TAMILNADU,THANJAVUR,2011,Kharif,Rice,180859,722576,3995,56.9,22.3,20.8,88.5875,71.4,34.205,25.5325
TAMILNADU,THANJAVUR,2012,Kharif,Rice,146959,431121,2934,63.5,21.6,14.9,86.16,133.675,34.11,25.44
TAMILNADU,THANJAVUR,2013,Kharif,Rice,167289,831483,4970,61.8,19.4,18.7,80.605,92.3,34.105,25.4325
TAMILNADU,THANJAVUR,2004,Kharif,Rice,154900.8866,399482.9504,2579.000729,59.36565512,17.88241886,22.65180671,76.59765462,134.5960281,33.93041831,24.98439851
TAMILNADU,KANCHIPURAM,2002,Kharif,Rice,97117.02393,295638.0179,2855.108554,55.21594618,20.83502397,23.94678485,109.8550651,95.78802602,34.37727663,24.86748807
TAMILNADU,VELLORE,2000,Kharif,Rice,52331.92039,163140.8597,4040.917275,60.0741112,20.09922266,19.79071901,126.138232,130.5586221,31.92949844,23.01322776
TAMILNADU,THIRUVALLUR,2009,Kharif,Rice,80941.84179,256294.0251,3166.04169,57.41802142,28.8785868,13.53478288,97.43323705,89.57896447,35.0040223,25.41114104
TAMILNADU,VELLORE,2008,Kharif,Rice,47417.1182,171872.9409,3623.964325,57.60709467,19.02752815,23.25771139,125.3934361,95.71167558,32.38292001,22.93503755
TAMILNADU,KANCHIPURAM,2003,Kharif,Rice,97116.86125,295637.912,2855.041772,55.16135726,20.87557315,23.8704722,110.0241714,95.80909894,34.58191728,24.99700668
TAMILNADU,KANCHIPURAM,2004,Kharif,Rice,101673.8834,307109.9897,3021.058043,46.21227166,19.99199129,33.81834459,105.175508,157.0821978,33.89103968,24.97514842
TAMILNADU,DHARMAPURI,2010,Kharif,Rice,22862.05416,93207.09605,4076.817951,36.69186608,23.93413948,39.14802268,113.40873,112.6150208,31.37100181,25.29222998
TAMILNADU,COIMBATORE,1998,Kharif,Rice,15033.98319,51574.9146,3609.063073,43.46481657,17.29024431,39.33370139,107.9285613,54.31235996,29.0842366,21.05443769
TAMILNADU,THANJAVUR,2001,Kharif,Rice,192161.0208,561650.0577,2923.001372,59.92300336,21.85793401,18.42126168,89.78948094,103.016614,33.78939983,25.36856365
TAMILNADU,THIRUVALLUR,2007,Kharif,Rice,78712.17916,286006.9979,3634.042221,66.3181522,18.01847366,15.46692564,143.1252699,209.4256173,33.99539638,24.4759821
TAMILNADU,CUDDALORE,1998,Kharif,Rice,121285.149,418149.077,3348.041455,57.73002407,21.30776532,21.10830561,123.5559682,100.6010434,34.3132621,24.94337104
TAMILNADU,THIRUVALLUR,2001,Kharif,Rice,94421.93839,321610.095,3406.064273,59.52203943,23.2629663,17.21492016,114.7766794,172.9276139,34.21222856,24.99142711
TAMILNADU,THIRUVALLUR,2000,Kharif,Rice,93052.04805,359162.879,3539.11511,57.62660931,24.12851315,18.32882843,128.6183861,98.40858614,33.64600738,24.81943268
TAMILNADU,KANCHIPURAM,2003,Kharif,Rice,97116.98634,295637.789,3043.981642,51.90860602,21.46079654,26.80017977,136.6302221,217.8350014,34.26251719,24.57422673
TAMILNADU,THIRUVALLUR,1999,Kharif,Rice,125321.0019,467581.0487,3907.933648,57.66201268,23.61327794,18.83985106,109.9364503,119.5517368,34.02267713,24.71657483
TAMILNADU,THIRUVALLUR,2013,Kharif,Rice,95827.05622,451522.1005,4712.052989,67.47875403,22.25437122,10.33598753,136.1237214,177.3707087,33.86626136,24.73710025
TAMILNADU,CUDDALORE,2012,Kharif,Rice,111958.1542,339286.06,3029.851124,61.77978518,23.9363614,14.12365951,111.4261155,180.7386432,34.50368904,25.35489936
TAMILNADU,CUDDALORE,1999,Kharif,Rice,127842.8663,447523.0594,3863.961058,56.51537629,22.26877084,21.15739345,96.47110848,123.6321137,34.1578733,25.0429304
TAMILNADU,KANCHIPURAM,2003,Kharif,Rice,97117.02813,295637.9684,3043.884563,51.7694368,21.49925189,26.81636954,136.3091389,217.8968058,34.2811653,25.00033964
TAMILNADU,KANCHIPURAM,2012,Kharif,Rice,77783.8524,344874.8306,4434.127215,66.8363209,20.81514151,12.11410508,133.160057,157.2563165,34.24695546,24.96929589
TAMILNADU,DHARMAPURI,2006,Kharif,Rice,21062.02939,76072.09434,3612.259755,43.85659202,25.62490238,30.29453652,83.39621549,97.90396912,32.03918193,25.27398711
TAMILNADU,DHARMAPURI,2010,Kharif,Rice,22862.02867,93206.96869,4077.021208,36.80113119,24.02895136,39.19553815,113.6065007,113.0037689,31.58567202,25.32034749
TAMILNADU,COIMBATORE,2002,Kharif,Rice,6576.967399,22152.07155,3365.984755,46.77856102,16.80652759,36.52682308,77.13189475,69.96881125,28.95330278,21.20444413
TAMILNADU,DINDIGUL,2005,Kharif,Rice,23735.02759,75304.039,3171.781764,55.50908067,24.12679389,20.15553859,68.54691753,227.0531367,31.19389418,22.34020342
TAMILNADU,DHARMAPURI,2008,Kharif,Rice,20367.88466,77727.01023,3816.013558,47.63450367,23.88191821,28.56942237,123.3221728,125.8214736,31.64008436,25.10571283
TAMILNADU,THANJAVUR,2005,Kharif,Rice,154900.954,399483.1233,2579.113855,59.45109136,18.01268566,22.60231173,76.59026801,134.4643119,33.95800329,25.14736498
TAMILNADU,VELLORE,1999,Kharif,Rice,49868.00212,190899.0744,4354.952718,55.72176853,21.84594751,22.44907143,101.7089824,68.72309987,31.9705909,22.93652121
TAMILNADU,VELLORE,2010,Kharif,Rice,43221.91612,152824.7018,3536.04001,60.10475624,20.7335192,19.24439864,126.3055255,107.2163372,32.32053096,23.07391952
TAMILNADU,THANJAVUR,1998,Kharif,Rice,194652.0117,674524.9615,3147.057303,66.18487841,17.18495492,16.70175414,115.3913235,103.5456728,33.82186575,25.18014875
TAMILNADU,DHARMAPURI,2004,Kharif,Rice,13915.04632,38567.91812,2771.009194,45.87533112,24.45500034,29.8457455,110.73945,135.953087,31.49820495,24.90629737
TAMILNADU,THIRUVALLUR,2011,Kharif,Rice,79218.86833,313043.9573,3952.095877,57.64100066,31.48502821,10.78551542,138.4222801,213.7099284,34.65962319,24.99497074
TAMILNADU,DINDIGUL,2009,Kharif,Rice,16646.95133,78849.03603,4736.090805,47.61682433,21.05476457,31.31111986,74.65643162,46.41552512,31.88513442,22.83672213
TAMILNADU,COIMBATORE,2008,Kharif,Rice,2572.807476,25436.85091,1867.948947,42.38040014,18.09414323,39.27134203,103.7903142,197.5460975,28.98840904,21.49079388
TAMILNADU,THIRUVALLUR,2003,Kharif,Rice,74941.92349,195536.1765,2608.951058,57.47203517,25.70695923,16.95398373,129.8369883,161.3781737,34.23046809,25.26465353
TAMILNADU,THIRUVALLUR,2009,Kharif,Rice,80941.91777,256293.9236,3165.947944,57.40552751,28.8278093,13.73494337,97.715976,89.7247857,34.83262152,25.64021956
TAMILNADU,THANJAVUR,2011,Kharif,Rice,180859.1044,722575.8464,3994.800948,56.96756705,22.3268436,20.86804567,88.57035155,71.33861355,34.20874586,25.54085441
TAMILNADU,THIRUVALLUR,2004,Kharif,Rice,66734.12128,199885.919,2995.866783,61.36438103,19.90315775,19.14482439,101.5281642,133.6984049,34.06353898,24.78468928
TAMILNADU,KANCHIPURAM,2003,Kharif,Rice,97116.91815,295638.1689,2855.097923,55.34804429,20.86676716,23.85935268,109.8015559,95.99763414,34.53104761,24.95287088
TAMILNADU,THIRUVALLUR,2007,Kharif,Rice,78711.95547,286007.2524,3634.013348,66.65095716,17.88935915,15.53332326,143.0505491,209.5358513,34.00818233,24.33656971
TAMILNADU,VELLORE,2000,Kharif,Rice,52331.8635,163140.8898,4041.134821,60.38226011,20.01429175,19.8133078,126.3976995,130.6216615,31.99321445,23.09013733
TAMILNADU,DINDIGUL,2006,Kharif,Rice,18606.98752,81247.98016,4365.95129,57.35019677,24.04378653,18.54169468,78.13569299,109.4152636,30.877452,22.17239506
TAMILNADU,VELLORE,1998,Kharif,Rice,77109.0105,263941.0161,3836.009291,57.88970556,20.90987351,21.01729118,126.9006965,160.7099849,32.37854012,23.26414367
TAMILNADU,COIMBATORE,2008,Kharif,Rice,2572.943793,25437.04161,1868.015069,42.46803499,18.11664864,39.33762733,103.7253379,197.5615382,29.18210278,21.16399216
TAMILNADU,THIRUVALLUR,2004,Kharif,Rice,66733.96607,199885.8895,2996.033199,61.31278474,19.94315694,19.04051961,101.3972725,133.7758135,34.05801574,24.60774851
TAMILNADU,DINDIGUL,2001,Kharif,Rice,16106.10238,76330.09919,4738.091746,52.25863455,24.43957346,23.37264958,83.89671341,78.07905396,30.79800615,22.26017006
TAMILNADU,COIMBATORE,2007,Kharif,Rice,6478.955135,24456.0199,3775.130315,43.45221571,18.93119043,37.80774586,105.4718644,91.33608849,28.84983331,21.06336529
TAMILNADU,CUDDALORE,2007,Kharif,Rice,102798.0805,335118.9698,3259.860302,53.00004125,22.28534452,25.02376762,132.7648709,183.5482004,34.31358696,24.91788496
TAMILNADU,CUDDALORE,2013,Kharif,Rice,127485.0169,565959.827,4439.067006,61.84204332,22.03601879,16.45670433,113.8823939,129.4294573,34.39259566,25.09244383
TAMILNADU,VELLORE,1998,Kharif,Rice,77108.93085,263941.0971,3836.06536,57.78415087,20.86743484,21.20271217,127.3532398,160.7174429,32.39659964,23.06909339
TAMILNADU,DINDIGUL,2011,Kharif,Rice,19157.91912,103376.0649,5395.971963,54.25451686,23.81507403,22.04351516,74.08161096,46.3157087,31.43449047,22.53378101
TAMILNADU,VELLORE,2000,Kharif,Rice,52332.05247,163140.9435,4040.871479,60.16604021,20.03044467,19.88329784,126.3003158,130.7169572,31.95416949,23.03924531
TAMILNADU,THIRUVALLUR,2007,Kharif,Rice,78711.91182,286007.0762,3634.004756,66.41482079,17.95547983,15.46049919,143.084938,209.4228633,33.95481209,24.23169675
TAMILNADU,VELLORE,2012,Kharif,Rice,35707.03336,152803.9719,4278.902038,65.23070916,20.76760848,14.11172151,116.5450972,129.9767248,32.9866483,23.67651427
TAMILNADU,CUDDALORE,2012,Kharif,Rice,111958.0314,339286.0758,3030.08411,61.95987874,24.00570513,14.22159806,111.3274116,180.8163071,34.55472647,25.2000172
TAMILNADU,CUDDALORE,2006,Kharif,Rice,105439.8716,392384.0564,3721.013635,56.44808981,23.57044344,20.03685816,97.78006343,165.77333,34.47846239,25.10987017
TAMILNADU,THANJAVUR,2004,Kharif,Rice,160608.0902,439323.0256,2735.235123,58.8183904,16.74425773,23.90929368,100.5950045,183.3065092,33.58255283,24.75874632
TAMILNADU,CUDDALORE,2012,Kharif,Rice,111957.908,339286.0393,3030.074975,62.105804,23.86682787,14.10761546,111.2989197,180.6262792,34.42510295,24.92099244
TAMILNADU,DINDIGUL,2008,Kharif,Rice,19637.98797,72660.97252,3699.958989,47.35481566,17.95370825,34.70271669,93.42979722,138.645796,31.17284986,22.21898555
TAMILNADU,DINDIGUL,2004,Kharif,Rice,21030.88371,74246.0202,3530.927114,55.85211018,22.94569427,21.19037718,87.55504943,146.8157621,30.70669109,21.94107769
TAMILNADU,CUDDALORE,2008,Kharif,Rice,107817.0633,223881.9709,2075.92175,54.41594611,17.80239813,27.90572338,118.9084426,121.8020894,34.00918926,24.74539704
TAMILNADU,THANJAVUR,2003,Kharif,Rice,123293.0321,354936.9156,2878.960172,63.36291868,16.78312337,20.07794269,119.4993062,125.3763343,33.80613738,25.13646978
TAMILNADU,KANCHIPURAM,2011,Kharif,Rice,90419.05319,395412.0322,4373.087115,58.83396927,24.45870669,16.60688215,140.2244614,166.1926951,34.5046419,24.96345789
TAMILNADU,DINDIGUL,1999,Kharif,Rice,28437.12023,118998.2845,4829.079598,52.51594995,22.0025548,25.43064182,63.52581099,96.93886097,31.00319334,21.96041913
TAMILNADU,THIRUVALLUR,2006,Kharif,Rice,89666.86887,318467.9255,3552.032457,60.67557017,26.04454139,13.33612444,113.914066,194.4622064,34.44152313,24.69482161
TAMILNADU,CUDDALORE,2011,Kharif,Rice,120983.1378,248242.0631,2052.089649,57.29244405,25.54547869,17.3043437,117.8027778,86.88496509,34.47232668,25.4325932
TAMILNADU,THANJAVUR,2007,Kharif,Rice,150227.8499,479642.9058,3192.920218,53.92273587,17.12647281,28.86760398,109.8502189,134.2612457,33.83407693,25.15433851
TAMILNADU,DHARMAPURI,2005,Kharif,Rice,29022.95008,85389.88932,2941.93513,45.35572424,25.61201771,29.14554722,108.0289277,171.721283,31.55812765,25.10237174
TAMILNADU,DINDIGUL,2007,Kharif,Rice,17276.03337,67836.95669,3925.994064,48.76090054,18.49651582,33.08946811,92.0083504,93.91998821,31.14547507,22.36791476
TAMILNADU,THIRUVALLUR,2010,Kharif,Rice,83218.8983,250209.987,3007.068728,49.00980959,39.43187563,11.58279835,135.0344014,212.2954001,33.495942,24.3363773
TAMILNADU,VELLORE,2007,Kharif,Rice,44325.94309,148366.8209,3346.942541,54.82921375,22.49997237,22.69187535,136.4707075,163.299181,32.40596766,23.2720676
TAMILNADU,CUDDALORE,2003,Kharif,Rice,104161.946,317654.9403,3049.919149,56.08820466,19.98702153,23.774332,125.222721,176.9624605,34.11450697,24.75312599
TAMILNADU,COIMBATORE,1999,Kharif,Rice,16874.96638,60494.04397,3878.933678,46.57299637,16.77004757,36.5389305,83.79964904,125.6160169,28.96845147,20.89799672
TAMILNADU,VELLORE,1998,Kharif,Rice,77109.22021,263941.0193,3836.081762,57.74578613,20.85216023,21.08321266,127.1251304,160.7065097,32.46184618,23.06412495
TAMILNADU,CUDDALORE,2001,Kharif,Rice,108374.9722,402810.0285,3716.860772,59.20366139,20.85030085,19.58299507,105.316417,117.670664,34.24870572,24.93086204
TAMILNADU,DINDIGUL,1998,Kharif,Rice,27278.22057,93304.88877,5461.904983,49.56638674,23.98858226,26.52008261,97.12903536,106.971795,31.01979236,22.17744482
TAMILNADU,DINDIGUL,2000,Kharif,Rice,25246.04858,111460.0587,4696.971107,51.36830669,24.59291565,23.76883905,101.8910056,98.22231024,30.91440819,22.25277174
TAMILNADU,THANJAVUR,1999,Kharif,Rice,189073.9564,610534.0408,3463.087047,60.32672414,20.02634404,19.97749613,77.45377856,86.82006429,33.63638439,25.01640344
TAMILNADU,THIRUVALLUR,2011,Kharif,Rice,79219.07777,313044.0469,3951.863145,57.67440612,31.38351415,10.98417889,138.5009836,213.4520851,34.54731102,24.8551561
TAMILNADU,COIMBATORE,2005,Kharif,Rice,7405.938597,20664.98336,2789.070283,46.14522034,13.65408951,40.33511513,94.74352318,180.1663514,28.93840027,21.06195156
TAMILNADU,CUDDALORE,2005,Kharif,Rice,114290.9626,218345.1931,1910.12901,53.55760906,21.06763807,25.44482048,96.60208757,149.7425885,34.32047028,24.95709272
TAMILNADU,DINDIGUL,2002,Kharif,Rice,15371.93293,52709.06638,3428.939088,58.11612787,22.31001749,19.68767719,56.50201827,108.3348668,31.32418102,22.42203056
TAMILNADU,DHARMAPURI,2002,Kharif,Rice,30151.93779,77595.968,2573.838222,58.43521818,22.22062977,19.22322256,70.84761489,68.82163904,32.31632412,25.6812881
TAMILNADU,VELLORE,1998,Kharif,Rice,77109.01795,263941.1054,3835.885819,57.96049397,20.76847313,21.12264172,127.0623562,160.854968,32.31294762,23.13870554
TAMILNADU,COIMBATORE,2002,Kharif,Rice,6576.957771,22152.04391,3365.987566,46.83151359,16.69933266,36.45903496,76.86666249,69.88618872,28.8517575,21.06722318
TAMILNADU,DHARMAPURI,2011,Kharif,Rice,27066.96059,128225.8622,4736.944361,46.85110622,31.41578204,21.85933084,110.7230221,65.45339959,31.94870278,25.5341188
TAMILNADU,VELLORE,2006,Kharif,Rice,41687.10965,129192.8624,3099.164214,56.94341308,25.82381448,17.47402541,97.26901402,116.979904,33.09785037,23.79606269
TAMILNADU,THIRUVALLUR,2004,Kharif,Rice,66734.08105,199886.0807,2996.129071,61.17020261,19.61505054,19.15816587,101.4000872,133.8576594,34.22834521,24.65090247
TAMILNADU,KANCHIPURAM,2001,Kharif,Rice,135160.035,478940.0427,3544.011444,58.23532201,23.15423563,18.83200181,117.3899458,127.0069299,34.20915865,25.22662495
TAMILNADU,KANCHIPURAM,2005,Kharif,Rice,114719.9416,293875.0263,2561.8486,46.2651739,21.51667664,31.87036294,109.8503313,194.3898194,34.13990336,25.01126052
TAMILNADU,DINDIGUL,2002,Kharif,Rice,15372.04898,52708.9747,3428.988643,58.09684863,22.36673984,19.60029493,56.48523734,108.2371151,31.27515572,22.48695283
TAMILNADU,CUDDALORE,2011,Kharif,Rice,120982.9967,248242.1017,2052.114451,57.39918422,25.4309445,17.17898115,117.7539452,86.80386479,34.62574099,25.35320234
TAMILNADU,VELLORE,2009,Kharif,Rice,39764.90466,135833.9423,3415.010263,55.66422785,21.19384723,23.22963499,92.56907865,94.92821777,33.57048015,24.07699326
TAMILNADU,DINDIGUL,2001,Kharif,Rice,16105.90202,76329.90952,4738.051251,52.20330452,24.62469053,23.36395292,83.87169999,77.95658035,31.12102748,22.11484212
TAMILNADU,KANCHIPURAM,2000,Kharif,Rice,172517.0948,574296.9148,3277.92514,60.5077432,22.63028102,17.05509204,135.4040666,93.84393556,33.73913336,24.76762444
TAMILNADU,KANCHIPURAM,2013,Kharif,Rice,85563.98712,391836.9592,4580.229009,66.1562436,20.82334832,13.04335321,140.6322911,149.5947893,33.99459135,25.01092352
TAMILNADU,THIRUVALLUR,2012,Kharif,Rice,78337.09498,300454.9355,3835.149401,65.70210471,25.06182208,9.746564266,130.6327311,170.4582068,34.2795181,24.90171921
TAMILNADU,THIRUVALLUR,2011,Kharif,Rice,79219.08406,313044.0116,3952.106283,57.60467413,31.31586432,10.8947948,138.4129137,213.6480327,34.41879952,24.71929294
TAMILNADU,COIMBATORE,2012,Kharif,Rice,2156.004165,7889.821765,3653.100457,49.55429376,19.99487542,30.27328214,88.73958106,87.55627933,29.09444858,21.2511532
TAMILNADU,THIRUVALLUR,2002,Kharif,Rice,87757.87743,279519.0166,3185.055301,62.04296885,21.28126939,16.80453165,106.3392934,117.893029,34.55986795,25.20817413
TAMILNADU,DHARMAPURI,2008,Kharif,Rice,20367.91279,77727.03278,3815.975528,47.61204382,24.12321488,28.26052995,123.2016504,125.8104237,31.4713648,25.14528538
TAMILNADU,CUDDALORE,2001,Kharif,Rice,108375.0857,402810.0451,3717.03969,59.3207783,20.91225652,19.58220803,105.4193772,117.4932558,34.29529894,25.04068222
TAMILNADU,THANJAVUR,2009,Kharif,Rice,162937.8908,427141.9099,2620.960033,54.8011974,19.19805986,25.85338816,94.25290402,71.43060159,34.50144795,25.78178431
TAMILNADU,THIRUVALLUR,2007,Kharif,Rice,78712.11231,286007.0843,3634.057738,66.45260041,18.02393781,15.7963794,143.1629564,209.3291925,34.03270239,24.29240344
TAMILNADU,DHARMAPURI,2013,Kharif,Rice,26689.07463,132535.0339,4966.071042,52.75968625,24.76706356,22.62212219,108.0860976,116.6121455,31.90006643,25.4725272
TAMILNADU,KANCHIPURAM,2001,Kharif,Rice,135159.9994,478939.8594,3543.917239,57.9967216,22.93826951,18.75560815,117.3496753,126.9784239,34.13702287,25.05502576
TAMILNADU,COIMBATORE,2006,Kharif,Rice,6220.732572,24009.16396,3859.969708,45.4922482,18.79198627,35.6334034,99.43288237,61.02120159,28.8174092,21.10990282
TAMILNADU,DHARMAPURI,2011,Kharif,Rice,27067.08336,128225.8786,4737.276537,46.84070716,31.35399104,21.92379459,111.0816445,65.81256981,32.13513382,25.55692657
TAMILNADU,KANCHIPURAM,2001,Kharif,Rice,135159.8659,478940.075,3544.019364,58.23243636,23.10975386,18.68077137,117.4350275,127.0651104,34.3285715,25.10201501
TAMILNADU,COIMBATORE,2002,Kharif,Rice,6577.042163,22152.14255,3366.136154,46.88198466,16.85131829,36.44788292,76.94339099,70.01344284,28.92142581,21.20714196
TAMILNADU,THIRUVALLUR,2009,Kharif,Rice,80941.88048,256294.1182,3166.109401,57.41292281,28.92616047,13.55786598,97.40032761,89.54030128,34.98963759,25.4852576
TAMILNADU,THIRUVALLUR,1999,Kharif,Rice,125321.0067,467580.7571,3908.044098,57.86150273,23.62950698,18.82987757,109.9733646,119.4569337,33.95963926,24.68014165
TAMILNADU,DINDIGUL,2007,Kharif,Rice,17276.08118,67837.02984,3926.050571,48.77023319,18.27172317,33.01038865,92.0437584,93.72928918,31.15407921,22.13463195
TAMILNADU,KANCHIPURAM,2007,Kharif,Rice,91356.30781,345128.9316,3777.863022,37.31222869,29.61521803,33.06116044,146.1886662,181.0779337,33.94826352,25.06784292
TAMILNADU,THANJAVUR,2003,Kharif,Rice,123293.0673,354936.9285,2879.048597,63.28216354,16.68987619,20.14544444,119.674412,125.3064666,33.65701128,25.17181695
TAMILNADU,COIMBATORE,2003,Kharif,Rice,3654.149275,10642.95382,2915.197846,42.93011899,15.56286894,41.08517764,92.52278452,63.95803515,29.22838806,21.32851147
TAMILNADU,CUDDALORE,2010,Kharif,Rice,115815.0388,301506.1111,2603.050152,54.08159865,23.1363608,22.81420678,139.2491991,110.1658055,34.22368706,25.09746688
TAMILNADU,COIMBATORE,2006,Kharif,Rice,6221.045273,24008.89738,3859.976777,45.52611597,18.94175214,35.79668443,99.46410381,60.89709998,28.84468612,21.20421048
TAMILNADU,DINDIGUL,1998,Kharif,Rice,27278.11043,93304.95163,5461.965222,49.46164961,23.75617353,26.76343303,97.03640825,107.0032441,31.05993981,22.1604146
TAMILNADU,COIMBATORE,2006,Kharif,Rice,6220.921294,24009.00506,3860.090664,45.52428926,18.9214576,35.6912014,99.43741194,60.79360102,28.93201267,21.08038247
TAMILNADU,DINDIGUL,2007,Kharif,Rice,17275.94547,67836.95929,3926.026754,48.74858312,18.33178613,33.02322384,91.91998722,93.8417999,31.05024543,22.32504752
TAMILNADU,CUDDALORE,2008,Kharif,Rice,107816.9779,223882.2315,2076.006646,54.27231379,17.90907761,27.72126204,118.9960817,122.0111375,34.1446119,24.72197372
TAMILNADU,DHARMAPURI,2007,Kharif,Rice,18801.01854,70395.01124,3744.990329,50.88681219,21.64286179,27.84079905,131.0408288,126.3627714,31.6404236,25.22903867
TAMILNADU,THIRUVALLUR,2009,Kharif,Rice,80942.16278,256293.9556,3166.031137,57.47289417,28.7540765,13.80674485,97.40602249,89.62145675,35.02065916,25.29928531
TAMILNADU,VELLORE,2001,Kharif,Rice,60113.13549,234129.7718,3894.9315,53.77434871,20.42482942,25.63551746,111.2528791,129.5399056,32.59294368,23.36516621
TAMILNADU,KANCHIPURAM,2001,Kharif,Rice,135160.0865,478940.0422,3544.080051,58.20398221,23.05797665,18.73460288,117.4154287,127.1267644,34.2594185,25.11827041
TAMILNADU,THANJAVUR,2003,Kharif,Rice,123293.0942,354937.0508,2878.986542,63.28306772,16.67986421,19.91019321,119.486976,124.9772761,33.83477099,25.30877166
TAMILNADU,THIRUVALLUR,2009,Kharif,Rice,80941.94639,256294.0861,3166.042561,57.41515147,28.87457151,13.58096177,97.57907365,89.7301403,34.87344795,25.49402723
TAMILNADU,THIRUVALLUR,1998,Kharif,Rice,140702.9704,484860.9886,3920.951257,63.87138448,20.77537561,15.69105023,116.7577099,128.2991945,34.29868434,24.94391673
TAMILNADU,THIRUVALLUR,2011,Kharif,Rice,79218.92917,313044.0932,3951.934258,57.78933671,31.44863225,10.73141852,138.461671,213.4419274,34.54866878,24.78589823
TAMILNADU,COIMBATORE,1999,Kharif,Rice,16875.10616,60494.00359,3878.826598,46.5915934,16.71417862,36.5112001,83.8224705,125.5840613,28.91995785,21.07586026
TAMILNADU,DINDIGUL,2009,Kharif,Rice,16647.10062,78849.10861,4736.030076,47.68429188,21.28284611,31.10730019,74.51175481,46.35644032,31.60371908,22.82287651
TAMILNADU,THIRUVALLUR,2006,Kharif,Rice,89667.03409,318468.0958,3552.000668,60.53320519,25.9873117,13.32254259,114.0221906,194.7253071,34.55442946,24.73149378
TAMILNADU,DINDIGUL,2006,Kharif,Rice,18607.21286,81247.93383,4365.973107,57.36420852,24.08202649,18.39830372,78.26505317,109.6776301,31.11090722,22.3665341
TAMILNADU,CUDDALORE,2005,Kharif,Rice,114291.0788,218344.9751,1909.925661,53.48223204,21.08814666,25.37460184,96.7318979,149.4420067,34.0958309,24.91173861
TAMILNADU,THANJAVUR,1998,Kharif,Rice,194652.0629,674524.8326,3146.889387,65.97489267,17.00723112,16.79302214,115.3374057,103.6666703,33.76822918,25.3025064
TAMILNADU,THANJAVUR,2008,Kharif,Rice,177093.9769,357161.05,2017.048949,55.23998485,18.08225792,26.59280497,110.4517001,103.9209778,33.86176822,25.17206462
TAMILNADU,DINDIGUL,2001,Kharif,Rice,16106.05827,76329.87041,4738.134397,52.360424,24.39057958,23.25768419,84.15239949,77.80635836,31.22105845,22.11480861
TAMILNADU,DINDIGUL,2011,Kharif,Rice,19158.09354,103376.0161,5396.040468,54.0914676,23.72388001,22.04457264,74.0744579,46.21215367,31.21060586,22.43180898
TAMILNADU,THIRUVALLUR,2012,Kharif,Rice,78336.98554,300454.9511,3835.220906,65.58559735,24.92636842,9.644245811,130.583897,170.6144642,34.11949661,24.72763769
TAMILNADU,THANJAVUR,2001,Kharif,Rice,192160.8863,561650.0553,2923.096654,59.93726104,21.84463773,18.16046714,89.71556161,103.1199277,33.6787866,25.23959332
TAMILNADU,DHARMAPURI,2005,Kharif,Rice,29022.86714,85390.06749,2941.770851,45.34405858,25.61464147,29.08096369,107.9245789,171.9307278,31.46919478,25.110263
TAMILNADU,CUDDALORE,2010,Kharif,Rice,115815.1148,301505.929,2602.924689,53.95769472,22.94264556,22.90988868,139.1815242,109.9117722,34.2661628,24.84976407
TAMILNADU,COIMBATORE,2007,Kharif,Rice,6479.107503,24456.09159,3774.868053,43.19664231,19.10355707,37.78022423,105.4366392,91.28194914,28.90576857,20.97290923
TAMILNADU,THIRUVALLUR,2001,Kharif,Rice,94421.89151,321609.905,3406.111028,59.63478198,23.38165093,17.12575558,114.6255378,172.8801869,34.08936653,25.0283584
TAMILNADU,THANJAVUR,2006,Kharif,Rice,164243.0018,598160.1376,3642.028675,58.42859075,15.69538415,26.24013013,84.16229329,111.1515389,33.8902421,25.18900825
TAMILNADU,VELLORE,2007,Kharif,Rice,44326.12589,148366.9068,3347.085939,54.83472495,22.6014908,22.73080818,136.5682218,163.2733552,32.4423547,23.06137076
TAMILNADU,THIRUVALLUR,2003,Kharif,Rice,74942.23034,195535.8197,2609.199764,57.25605517,25.86428972,16.71698608,129.9272866,161.1655499,34.04187041,25.17649912
TAMILNADU,VELLORE,1998,Kharif,Rice,77108.96302,263941.0112,3835.973217,57.88556487,20.97221885,21.14124028,126.9763218,160.7302629,32.33979287,23.09586523
TAMILNADU,DINDIGUL,1999,Kharif,Rice,28437.08926,118997.9694,4829.017744,52.65533958,21.94431276,25.21015091,63.4220998,96.88546609,30.90979252,22.19188307
TAMILNADU,DINDIGUL,2007,Kharif,Rice,17276.15167,67837.03499,3925.893025,48.63477639,18.35949132,32.94016582,92.11454423,93.83903071,31.12787045,22.26197112
TAMILNADU,COIMBATORE,1999,Kharif,Rice,16874.89999,60494.02424,3879.099529,46.55398284,16.66379187,36.77023898,83.61010776,125.5457004,28.9030281,20.976404
TAMILNADU,DHARMAPURI,2007,Kharif,Rice,18801.1349,70395.00579,3745.172249,50.86944962,21.39695408,27.71626298,131.0562228,126.4521894,31.64060723,25.20567972
TAMILNADU,COIMBATORE,2007,Kharif,Rice,6479.144043,24456.05266,3774.973301,43.39750345,18.97347591,37.87413385,105.4715998,91.07323812,28.67167668,21.15253042
TAMILNADU,DINDIGUL,2012,Kharif,Rice,9475.962452,30806.13166,3250.064957,58.37283169,24.38833606,17.19835906,70.45136831,107.1943794,31.4629094,22.58162269
TAMILNADU,CUDDALORE,2006,Kharif,Rice,105439.9687,392383.84,3721.244664,56.47184182,23.45924492,20.07096245,97.68396151,165.9121032,34.30245573,24.90541911
TAMILNADU,DHARMAPURI,2000,Kharif,Rice,61608.04661,227437.9516,3413.016446,52.17380805,27.3499809,20.57474841,116.1722831,198.9686583,31.19311643,24.93909245
TAMILNADU,THIRUVALLUR,2008,Kharif,Rice,82239.91922,315864.0206,3840.94452,50.32158997,31.05247872,18.70466169,112.6125641,138.3731473,33.89538688,24.59520715
TAMILNADU,VELLORE,2005,Kharif,Rice,58163.0908,167450.8744,2879.097804,56.0325477,25.27101424,18.75028657,118.5987577,179.9502017,32.25981516,23.03658807
TAMILNADU,KANCHIPURAM,2009,Kharif,Rice,91020.17531,331433.7961,3640.930095,58.95230731,18.57001135,22.17604095,105.016691,63.82952266,35.04775331,24.96239157
TAMILNADU,COIMBATORE,1999,Kharif,Rice,16875.0303,60493.79289,3878.893747,46.63369227,16.76418261,36.54999719,83.66969825,125.3300592,28.88691755,21.2064174
TAMILNADU,DHARMAPURI,2009,Kharif,Rice,20309.89877,79674.96056,3922.971339,41.13477976,25.50166553,33.41908875,86.86865756,65.84346745,32.38517333,26.101006
TAMILNADU,CUDDALORE,1999,Kharif,Rice,127843.1407,447522.9986,3864.007004,56.51226546,22.26898786,21.10455754,96.4042514,123.5842453,34.0680621,24.75790187
TAMILNADU,THIRUVALLUR,2011,Kharif,Rice,79219.04818,313044.131,3952.055083,57.79718703,31.55907531,10.86107047,138.5698003,213.5634929,34.37826703,24.99178533
TAMILNADU,COIMBATORE,2003,Kharif,Rice,3653.906143,10642.94078,2914.866376,43.02398628,15.54888115,41.25284006,92.12893626,63.69492864,29.15872076,21.36104796
TAMILNADU,THIRUVALLUR,2010,Kharif,Rice,83219.086,250210.1191,3007.043759,49.02905054,39.33685348,11.79735594,134.7570758,212.3409956,33.77733104,24.29907182
TAMILNADU,CUDDALORE,1999,Kharif,Rice,127843.0053,447523.1291,3863.934512,56.70689818,22.10553444,21.0299167,96.42211491,123.5438172,33.94508047,24.89384792
TAMILNADU,THANJAVUR,2007,Kharif,Rice,150227.9685,479643.0503,3192.95167,53.79871436,17.15000882,29.09411182,109.8035521,134.2139677,34.07199237,25.17082774
TAMILNADU,CUDDALORE,2000,Kharif,Rice,123804.0116,472023.8707,3671.832117,48.84227048,16.31637082,34.6064661,126.6425541,30.71202943,33.9078604,24.80484674
TAMILNADU,VELLORE,2008,Kharif,Rice,47416.95796,171872.9742,3624.126393,57.83553861,18.94348637,23.34770458,125.5003361,95.80429313,32.36802601,22.94531768
TAMILNADU,CUDDALORE,2001,Kharif,Rice,108375.0069,402810.0635,3717.043021,59.27463216,20.97719068,19.81496204,105.3978215,117.5125855,34.34364213,24.91587659
TAMILNADU,THIRUVALLUR,2009,Kharif,Rice,80942.23197,256294.0673,3166.177287,57.56223197,28.90876604,13.71340031,97.45685254,89.86523223,35.02127297,25.62953109
TAMILNADU,DHARMAPURI,2005,Kharif,Rice,29022.93541,85389.9494,2941.92819,45.19174966,25.74422121,29.06914216,108.0132306,171.7231215,31.31817393,25.09695148
TAMILNADU,KANCHIPURAM,2008,Kharif,Rice,90874.06686,329210.0197,3623.140324,43.32726525,17.04174121,39.38742871,118.7432115,139.0585138,33.80338758,24.81407062
TAMILNADU,KANCHIPURAM,2003,Kharif,Rice,97116.94204,295637.91,3044.143183,51.79373726,21.55673895,26.62619273,136.6173066,217.9026537,34.3316741,24.8758363
TAMILNADU,KANCHIPURAM,2001,Kharif,Rice,135160.0478,478940.0501,3543.896147,57.96658004,23.26915242,18.86981788,117.276507,127.1418526,34.17856878,24.90520608
TAMILNADU,DINDIGUL,1999,Kharif,Rice,28437.02776,118998.0529,4828.915437,52.47522389,22.0506389,25.45896804,63.34621021,96.67413647,30.87525948,22.05752133
TAMILNADU,DINDIGUL,2005,Kharif,Rice,23735.10816,75303.88791,3172.054811,55.77052855,24.29593002,20.18242129,68.47546631,227.1331968,31.00910306,22.39499964
TAMILNADU,THANJAVUR,1998,Kharif,Rice,194652.0678,674525.0086,3147.033032,66.26610328,17.11463716,16.76671393,115.5390619,103.643417,33.85554719,25.0138634
TAMILNADU,VELLORE,1998,Kharif,Rice,77108.93739,263940.8971,3835.957079,57.82907672,21.04232183,20.93471676,127.1636163,160.7089415,32.54851931,23.20154981
TAMILNADU,THIRUVALLUR,2007,Kharif,Rice,78712.05439,286007.0689,3633.972112,66.25725734,18.00853251,15.65830241,142.9572666,209.5029772,33.78578492,24.20519608
TAMILNADU,VELLORE,2008,Kharif,Rice,47416.85458,171872.8385,3624.116138,57.74656773,18.97921218,22.99730186,125.5174122,95.79782092,32.3921834,22.93130067
TAMILNADU,VELLORE,2013,Kharif,Rice,39366.06359,192496.074,4889.97482,68.08151404,19.64399245,12.3236516,124.7467033,129.53572,32.61087759,23.50853996
TAMILNADU,THIRUVALLUR,2013,Kharif,Rice,95826.837,451522.0069,4712.010246,67.24063178,22.29251414,10.52589478,136.1412491,177.3253465,33.92223927,24.61339965
TAMILNADU,CUDDALORE,2002,Kharif,Rice,102336.0407,281707.8526,2752.981274,60.16158838,17.28868219,22.57440881,88.94271954,97.56843723,34.74426033,25.41274295
TAMILNADU,THANJAVUR,2007,Kharif,Rice,150228.0828,479643.0832,3192.780465,54.090188,16.93339482,29.11924145,109.8306502,134.2833143,33.98969251,25.22523219
TAMILNADU,THANJAVUR,2002,Kharif,Rice,139185.9177,318325.2691,2286.951393,64.2840918,17.2281447,18.70365775,67.57071184,104.1155397,34.1414956,25.42269312
TAMILNADU,KANCHIPURAM,2010,Kharif,Rice,95739.03869,378628.104,3955.147064,59.53285056,20.93360343,19.29885865,139.9704615,152.6366531,33.92863158,25.02991421
TAMILNADU,THANJAVUR,2008,Kharif,Rice,177094.2078,357160.9963,2017.008433,55.35184383,18.17572702,26.42294812,110.5931399,103.9619153,33.78414351,25.20497257
TAMILNADU,THIRUVALLUR,2001,Kharif,Rice,94421.88395,321609.9745,3405.946132,59.72603552,23.09450755,17.14498063,114.8245565,173.0525985,34.08878483,24.9560386
TAMILNADU,DHARMAPURI,2006,Kharif,Rice,21061.8141,76071.99441,3612.111506,43.90231015,25.66838387,30.31888232,83.2673364,98.01942358,32.09670094,25.3866945
TAMILNADU,COIMBATORE,2007,Kharif,Rice,6478.874469,24456.00646,3774.988042,43.33571234,18.98867477,37.54517022,105.4343671,91.47736335,28.76357423,21.05305575
TAMILNADU,VELLORE,2006,Kharif,Rice,41687.22626,129192.8373,3099.00933,56.97340951,25.37171603,17.72100242,97.48848439,117.1095801,32.96225764,23.71580556
TAMILNADU,COIMBATORE,1999,Kharif,Rice,16874.89159,60494.02447,3878.971256,46.63073033,16.71784696,36.76789937,83.7920545,125.4677408,28.96350591,20.93336453
TAMILNADU,CUDDALORE,2000,Kharif,Rice,123803.8594,472024.0542,3671.989623,48.75315376,16.54632522,34.66885033,126.775611,30.77681796,33.89305403,24.90461477
TAMILNADU,CUDDALORE,2010,Kharif,Rice,115814.9482,301505.9411,2602.924489,54.1448363,23.14068538,22.8938264,139.419037,109.8919792,34.32645026,25.08914064
TAMILNADU,CUDDALORE,2013,Kharif,Rice,127484.9019,565959.9759,4438.982909,61.82268912,21.68666695,16.4826754,114.0285024,129.172748,34.5181019,25.03119977
TAMILNADU,KANCHIPURAM,2004,Kharif,Rice,101673.8947,307110.0836,3020.897625,46.22179018,19.85339286,33.82349654,105.1837677,157.0032841,33.97316379,24.96829409
TAMILNADU,COIMBATORE,2012,Kharif,Rice,2156.084842,7889.99041,3653.155931,49.42561842,19.93498434,30.25824163,88.74594968,87.55666441,29.18675626,21.28271291
TAMILNADU,KANCHIPURAM,1998,Kharif,Rice,207871.2732,711233.0851,3485.978578,59.42744781,22.29757693,18.31791442,121.8213136,181.0753641,34.19221932,24.96025956
TAMILNADU,KANCHIPURAM,1998,Kharif,Rice,207870.9062,711232.9947,3485.999774,59.37259143,22.28135943,18.21842093,121.8424657,181.4434987,34.35267372,24.91922946
TAMILNADU,DHARMAPURI,2003,Kharif,Rice,15997.01525,38810.06455,3977.983025,48.26131147,26.44909365,25.12630744,96.57996394,136.1388875,31.95557983,24.98886402
TAMILNADU,COIMBATORE,1999,Kharif,Rice,16875.07998,60494.03051,3879.104645,46.54544112,16.87241494,36.57904305,83.86294897,125.6496232,28.84321148,20.97417995
TAMILNADU,VELLORE,2010,Kharif,Rice,43221.9216,152824.9165,3536.104796,60.1130906,20.79061545,19.35724151,126.2371001,107.2815498,32.27159852,22.92858771
TAMILNADU,KANCHIPURAM,2007,Kharif,Rice,91356.03593,345129.0222,3778.059976,37.13789229,29.54525234,33.18546873,145.9991908,181.143172,33.71594306,24.73525103
TAMILNADU,COIMBATORE,1998,Kharif,Rice,15033.91279,51575.00131,3608.987224,43.56478957,17.23063789,39.34218166,107.8363668,54.25406708,29.19309089,21.06085153
TAMILNADU,VELLORE,2010,Kharif,Rice,43221.99505,152824.9336,3535.907264,60.23966114,20.66933849,19.22928772,126.4267792,107.3456427,32.09458473,23.01470904
TAMILNADU,DINDIGUL,2013,Kharif,Rice,4233.959346,25758.0528,6090.206625,52.81852271,26.48946464,20.50117074,70.03443838,68.5480703,31.40118135,22.47910807
TAMILNADU,COIMBATORE,2009,Kharif,Rice,2817.087771,9884.032363,3503.937401,42.52133379,21.06080579,36.07231039,92.35073993,113.0981455,29.12885765,21.3950759
TAMILNADU,DINDIGUL,2010,Kharif,Rice,18348.95009,98052.9325,5343.016547,48.48702673,20.67284066,31.0317273,99.66528702,126.8787751,31.06682335,22.27187658
TAMILNADU,DHARMAPURI,2000,Kharif,Rice,61607.79754,227438.0854,3413.045809,51.94150985,27.24229662,20.46247656,116.3584728,198.8875311,31.20787473,24.91106906
TAMILNADU,DINDIGUL,2013,Kharif,Rice,4234.036849,25758.03457,6090.009506,53.01087789,26.70353206,20.42736177,69.88705683,68.62922159,31.60509121,22.45463853
TAMILNADU,COIMBATORE,2008,Kharif,Rice,2572.969735,25437.18831,1868.190262,42.65127661,18.07376588,39.40314022,104.0022545,197.5360126,28.90059269,21.34120152
TAMILNADU,KANCHIPURAM,2013,Kharif,Rice,85564.02999,391836.8236,4579.994607,66.38670456,20.57635121,13.02862251,140.768964,149.7343678,34.0399982,24.76090535
TAMILNADU,VELLORE,1998,Kharif,Rice,77109.11877,263940.9736,3836.030219,57.97204263,20.90393186,21.12832774,126.9291302,160.846928,32.50317122,23.08765763
TAMILNADU,DINDIGUL,2012,Kharif,Rice,9476.186615,30806.11219,3249.825393,58.42550434,24.45929525,17.02169389,70.65140267,107.2242495,31.3844953,22.75167936
TAMILNADU,DINDIGUL,2001,Kharif,Rice,16106.00396,76330.10765,4738.014635,52.22638258,24.51665328,23.17267555,83.86952538,77.92448859,30.9134782,22.323994
TAMILNADU,VELLORE,2001,Kharif,Rice,60113.14965,234130.2481,3895.16791,53.55269748,20.58446318,25.52500682,111.2185265,129.5299769,32.58348443,23.50719543
TAMILNADU,DINDIGUL,2013,Kharif,Rice,4233.96855,25757.97307,6089.992385,52.87237334,26.52696397,20.50031409,69.87595353,68.67206896,31.35092636,22.21689278
TAMILNADU,COIMBATORE,2012,Kharif,Rice,2155.874566,7890.079159,3653.038496,49.58285481,20.11408997,30.37613695,88.72123089,87.57480514,29.10693141,21.35930661
TAMILNADU,THIRUVALLUR,2000,Kharif,Rice,93051.93066,359163.0552,3538.868421,57.72458414,24.01457558,18.32634136,128.5767191,98.6351996,33.69740071,24.74585262
TAMILNADU,COIMBATORE,1998,Kharif,Rice,15034.03316,51575.09795,3608.898843,43.43948406,17.25253521,39.45387634,107.8362708,54.42400646,28.85031356,20.86957515
TAMILNADU,THANJAVUR,2005,Kharif,Rice,154900.8725,399483.1228,2579.10923,59.209052,17.90035727,22.53509979,76.56243614,134.1803151,33.86286997,25.19585635
TAMILNADU,THIRUVALLUR,2010,Kharif,Rice,83219.08661,250209.7814,3006.941229,48.9118857,39.33200912,11.94313636,134.7630033,212.2475874,33.80503623,24.33504876
TAMILNADU,KANCHIPURAM,2003,Kharif,Rice,97116.82018,295637.7963,3044.027137,51.80138474,21.4806751,26.89444323,136.6647081,217.6816152,34.15043641,25.10419123
TAMILNADU,THIRUVALLUR,2004,Kharif,Rice,66734.02101,199886.0462,2996.004071,61.41560571,19.83400598,19.13713108,101.3057879,133.7747605,33.99518596,24.58795712
TAMILNADU,KANCHIPURAM,2013,Kharif,Rice,85564.09011,391837.0179,4580.271279,66.2985601,20.78369753,12.95098547,140.6213549,149.7085445,34.06210082,24.87998364
TAMILNADU,DINDIGUL,2000,Kharif,Rice,25246.14968,111460.0651,4697.030024,51.33742484,24.85850649,23.67522512,101.8361292,98.27002507,30.81688478,22.1866004
TAMILNADU,DHARMAPURI,2000,Kharif,Rice,61607.98899,227437.9316,3412.943523,51.95506341,27.21921716,20.57816808,116.260714,199.0481148,31.37370777,25.13150549
TAMILNADU,KANCHIPURAM,2013,Kharif,Rice,85563.8067,391837.0277,4580.129604,66.26766398,20.60683433,12.96457969,140.4086841,149.7353059,33.87439459,24.82490807
TAMILNADU,THIRUVALLUR,2000,Kharif,Rice,93051.88611,359163.0109,3539.017823,57.54120331,23.91242755,18.63715378,128.5310931,98.34306887,33.57354156,24.7922641
TAMILNADU,DHARMAPURI,2003,Kharif,Rice,15996.9052,38809.8405,3977.973426,48.29595023,26.51070093,25.19890388,96.67974527,136.1902754,31.86148173,25.14736033
TAMILNADU,KANCHIPURAM,2001,Kharif,Rice,135159.9885,478939.9944,3544.036227,57.96867536,23.03343569,18.77890823,117.4765944,126.9967814,34.20686405,24.80005828
TAMILNADU,DHARMAPURI,2001,Kharif,Rice,54333.96592,189509.9953,3488.054897,47.723467,26.74092187,25.64014023,101.0685918,156.7197466,31.7627544,25.28368394
TAMILNADU,CUDDALORE,2007,Kharif,Rice,102797.8977,335118.944,3260.082686,52.8260557,22.26290081,24.81201169,132.8182468,183.5221064,34.11824772,24.86336572
TAMILNADU,COIMBATORE,2007,Kharif,Rice,6478.970493,24456.0485,3774.968402,43.45930171,18.94722299,37.58780186,105.4272709,91.18396467,28.76168837,20.94620759
TAMILNADU,COIMBATORE,2002,Kharif,Rice,6576.94075,22151.91998,3366.013096,46.6812292,16.70604284,36.53684998,77.12534074,69.88383165,29.00501943,21.13067425
TAMILNADU,THIRUVALLUR,2006,Kharif,Rice,89666.7988,318468.0348,3551.985389,60.41478292,25.92702547,13.4243777,114.1490615,194.5943152,34.38067397,24.7560366
TAMILNADU,DHARMAPURI,1998,Kharif,Rice,57072.14411,196351.9605,3687.837548,46.79270166,28.89511119,24.3827425,126.4169285,140.7353785,31.52779296,25.21582712
TAMILNADU,CUDDALORE,1998,Kharif,Rice,121285.1525,418148.8658,3347.907094,57.62666379,21.39842975,20.95562027,123.5237912,100.4747137,34.45408944,25.00825941
TAMILNADU,THANJAVUR,2009,Kharif,Rice,162938.307,427141.676,2620.998225,54.67069166,19.20822487,26.07423404,94.32317617,71.31402918,34.63424557,25.68975755
TAMILNADU,KANCHIPURAM,1998,Kharif,Rice,207870.6954,711232.8445,3486.077293,59.40310473,22.43117663,18.39008488,121.9135603,181.1961266,34.15740701,24.99330153
TAMILNADU,THANJAVUR,2008,Kharif,Rice,177094.0774,357161.0548,2016.904645,55.24976931,18.0601434,26.57689419,110.6660279,104.142592,33.79332624,25.27098952
TAMILNADU,DINDIGUL,1999,Kharif,Rice,28436.72263,118997.9644,4829.04283,52.60666417,22.15294844,25.26238957,63.51144482,96.73351838,31.28573714,22.03524593
TAMILNADU,CUDDALORE,2003,Kharif,Rice,104162.0221,317654.8686,3049.854831,56.055004,19.90739513,23.86704434,125.2418156,176.788175,33.9175038,25.08524059
TAMILNADU,COIMBATORE,2007,Kharif,Rice,6479.137445,24455.8451,3775.098888,43.49804756,18.8837683,37.69185587,105.47279,91.12348871,28.7823668,21.01628711
TAMILNADU,THIRUVALLUR,2003,Kharif,Rice,74942.02631,195536.0492,2609.127723,57.50534871,25.77047865,16.7592099,129.7866727,161.2347829,34.11908156,25.13007808
TAMILNADU,CUDDALORE,2007,Kharif,Rice,102797.824,335118.9051,3259.914944,52.84157139,22.26699307,24.80330203,132.798855,183.7234026,34.31643879,25.01021824
TAMILNADU,KANCHIPURAM,2008,Kharif,Rice,90873.89045,329210.1911,3623.141241,43.4327309,17.50793413,39.44969974,118.7168236,139.2901991,34.17208256,25.00139931
TAMILNADU,KANCHIPURAM,2010,Kharif,Rice,95738.85274,378628.075,3955.07734,59.28674684,21.46094679,19.33834761,139.8327454,152.8254296,33.97304808,24.8754942
TAMILNADU,DHARMAPURI,2010,Kharif,Rice,22861.98036,93206.98341,4076.99226,36.68502947,24.08867352,39.17179683,113.2852197,112.7908518,31.41698454,25.24167343
TAMILNADU,DHARMAPURI,2007,Kharif,Rice,18800.9551,70394.94533,3744.960826,51.06932245,21.34068169,27.66331096,131.0623724,126.4748709,31.60644075,25.21051952
TAMILNADU,CUDDALORE,2009,Kharif,Rice,111517.0089,322962.0049,2896.096062,53.15104934,18.63460239,28.40534057,102.5254115,86.84077,34.86893581,25.82694189
TAMILNADU,DINDIGUL,2001,Kharif,Rice,16105.99481,76329.91643,4738.155605,52.34946422,24.44394035,23.11914191,83.96743341,78.00601516,30.90992615,22.18496785
TAMILNADU,DHARMAPURI,2006,Kharif,Rice,21061.9911,76072.01985,3611.998381,43.96214565,25.59885684,30.39467399,83.2291883,97.96769859,31.99704316,25.4115623
TAMILNADU,THANJAVUR,2004,Kharif,Rice,160607.8446,439322.8874,2734.970203,58.89565707,16.94136763,24.32458562,100.7028161,183.0197114,33.68114405,24.75752848
TAMILNADU,VELLORE,2000,Kharif,Rice,52332.03045,163141.0262,4041.065067,60.24475281,20.00852782,19.86005717,126.2048459,130.6761495,31.85655146,22.89936844
TAMILNADU,COIMBATORE,2003,Kharif,Rice,3653.900411,10643.07834,2914.876832,42.88929782,15.76183223,41.24368478,92.25301331,63.87521541,29.19191393,21.51770266
TAMILNADU,DINDIGUL,2010,Kharif,Rice,18349.10335,98052.98984,5342.994798,48.38636856,20.66660243,30.9005385,99.80549394,127.1041539,30.95532448,22.29035787
TAMILNADU,COIMBATORE,1999,Kharif,Rice,16874.97023,60493.74551,3878.937706,46.63416931,16.83225919,36.64126088,83.59220863,125.5711578,28.91297347,21.08478019
TAMILNADU,DINDIGUL,2013,Kharif,Rice,4234.295195,25758.11504,6089.906944,52.84027312,26.49136488,20.50808668,69.77569417,68.64595677,31.35839247,22.42922641
TAMILNADU,KANCHIPURAM,2004,Kharif,Rice,101673.9853,307109.9792,3020.881929,46.10012435,19.91270353,33.88766177,105.3113482,157.0639451,33.86950178,24.82015816
TAMILNADU,DHARMAPURI,2002,Kharif,Rice,30151.89474,77596.0178,2574.134709,58.55926443,22.15049995,19.20046743,70.45026697,69.09378149,32.12562943,25.7588441
TAMILNADU,CUDDALORE,2000,Kharif,Rice,123804.1271,472023.9882,3671.998947,48.8357031,16.65026527,34.63521111,126.7100337,30.85714747,33.78221583,24.87871715
TAMILNADU,COIMBATORE,1999,Kharif,Rice,16874.9186,60493.98649,3879.072654,46.58714833,16.91120125,36.51904721,83.79368758,125.5933616,28.94925386,20.98958977
TAMILNADU,THANJAVUR,2002,Kharif,Rice,139185.9985,318325.0352,2287.011187,64.16782228,17.34979522,18.64742188,67.82946231,103.9668941,34.1253285,25.48451584
TAMILNADU,DHARMAPURI,1998,Kharif,Rice,57072.01749,196351.9616,3687.870472,46.89680221,28.8329536,24.3170341,126.4289656,141.0175565,31.7135231,25.22308046
TAMILNADU,THIRUVALLUR,2009,Kharif,Rice,80942.12673,256293.957,3166.126638,57.33164137,28.98906303,13.74680491,97.49964283,89.66811173,35.0593245,25.57898024
TAMILNADU,THIRUVALLUR,2009,Kharif,Rice,80941.89958,256294.0452,3165.988729,57.49864771,28.92728749,13.54811098,97.65864433,89.60779394,35.16945613,25.28633538
TAMILNADU,VELLORE,2005,Kharif,Rice,58162.98098,167451.1118,2878.849914,55.89586198,25.22799105,18.57714818,118.4605028,179.7579546,32.33634158,23.13181989
TAMILNADU,CUDDALORE,2001,Kharif,Rice,108375.0659,402809.935,3717.029589,59.36118544,20.92735524,19.55100074,105.3338455,117.4759701,34.20282311,24.91154235
TAMILNADU,COIMBATORE,2005,Kharif,Rice,7405.891342,20665.06645,2789.132521,46.02280208,13.46865241,40.43796507,94.87230871,180.1239454,28.77765377,21.13538782
